algorithm,size,iteration,elapsed_us
radix2_aos,64,0,0.77300000000000002
radix2_aos,64,1,0.68999999999999995
radix2_aos,64,2,0.60199999999999998
radix2_aos,64,3,0.60399999999999998
radix2_aos,64,4,0.60299999999999998
radix2_aos,64,5,0.60499999999999998
radix2_aos,64,6,0.58799999999999997
radix2_aos,64,7,0.60899999999999999
radix2_aos,64,8,0.60499999999999998
radix2_aos,64,9,0.59199999999999997
radix2_aos,64,10,0.58799999999999997
radix2_aos,64,11,0.59599999999999997
radix2_aos,64,12,0.58599999999999997
radix2_aos,64,13,0.60399999999999998
radix2_aos,64,14,0.61499999999999999
radix2_aos,64,15,0.58499999999999996
radix2_aos,64,16,0.621
radix2_aos,64,17,0.61199999999999999
radix2_aos,64,18,0.60499999999999998
radix2_aos,64,19,0.623
radix2_aos,64,20,0.59899999999999998
radix2_aos,64,21,0.59899999999999998
radix2_aos,64,22,0.60099999999999998
radix2_aos,64,23,0.60099999999999998
radix2_aos,64,24,0.624
radix2_aos,64,25,0.61299999999999999
radix2_aos,64,26,0.59499999999999997
radix2_aos,64,27,0.61299999999999999
radix2_aos,64,28,0.60499999999999998
radix2_aos,64,29,0.59499999999999997
radix2_aos,64,30,0.60999999999999999
radix2_aos,64,31,0.61299999999999999
radix2_aos,64,32,0.57699999999999996
radix2_aos,64,33,0.60999999999999999
radix2_aos,64,34,0.61199999999999999
radix2_aos,64,35,0.60099999999999998
radix2_aos,64,36,0.60099999999999998
radix2_aos,64,37,0.61099999999999999
radix2_aos,64,38,0.65800000000000003
radix2_aos,64,39,0.61299999999999999
radix2_aos,128,0,1.379
radix2_aos,128,1,1.401
radix2_aos,128,2,1.3720000000000001
radix2_aos,128,3,1.333
radix2_aos,128,4,1.3420000000000001
radix2_aos,128,5,1.3140000000000001
radix2_aos,128,6,1.2949999999999999
radix2_aos,128,7,1.3129999999999999
radix2_aos,128,8,1.3129999999999999
radix2_aos,128,9,1.3500000000000001
radix2_aos,128,10,1.3160000000000001
radix2_aos,128,11,1.3320000000000001
radix2_aos,128,12,1.302
radix2_aos,128,13,1.3009999999999999
radix2_aos,128,14,1.2969999999999999
radix2_aos,128,15,1.304
radix2_aos,128,16,1.3260000000000001
radix2_aos,128,17,1.3200000000000001
radix2_aos,128,18,1.3100000000000001
radix2_aos,128,19,1.3160000000000001
radix2_aos,128,20,1.306
radix2_aos,128,21,1.3320000000000001
radix2_aos,128,22,1.3400000000000001
radix2_aos,128,23,1.335
radix2_aos,128,24,1.296
radix2_aos,128,25,1.329
radix2_aos,128,26,1.2989999999999999
radix2_aos,128,27,1.2949999999999999
radix2_aos,128,28,1.3029999999999999
radix2_aos,128,29,1.3420000000000001
radix2_aos,128,30,1.3240000000000001
radix2_aos,128,31,1.337
radix2_aos,128,32,1.3009999999999999
radix2_aos,128,33,1.294
radix2_aos,128,34,1.3069999999999999
radix2_aos,128,35,1.3180000000000001
radix2_aos,128,36,1.2969999999999999
radix2_aos,128,37,1.2989999999999999
radix2_aos,128,38,1.2989999999999999
radix2_aos,128,39,1.3
radix2_aos,256,0,3.0259999999999998
radix2_aos,256,1,3.0059999999999998
radix2_aos,256,2,3.0129999999999999
radix2_aos,256,3,2.9790000000000001
radix2_aos,256,4,2.968
radix2_aos,256,5,2.9649999999999999
radix2_aos,256,6,2.9609999999999999
radix2_aos,256,7,2.9649999999999999
radix2_aos,256,8,2.9780000000000002
radix2_aos,256,9,2.9710000000000001
radix2_aos,256,10,3.0600000000000001
radix2_aos,256,11,2.9780000000000002
radix2_aos,256,12,2.9569999999999999
radix2_aos,256,13,2.976
radix2_aos,256,14,2.9830000000000001
radix2_aos,256,15,3.0390000000000001
radix2_aos,256,16,2.9889999999999999
radix2_aos,256,17,2.972
radix2_aos,256,18,3.0049999999999999
radix2_aos,256,19,2.9780000000000002
radix2_aos,256,20,2.9700000000000002
radix2_aos,256,21,2.9900000000000002
radix2_aos,256,22,3.0070000000000001
radix2_aos,256,23,10.974
radix2_aos,256,24,3.1030000000000002
radix2_aos,256,25,3.0910000000000002
radix2_aos,256,26,3.0489999999999999
radix2_aos,256,27,3.0249999999999999
radix2_aos,256,28,3.0590000000000002
radix2_aos,256,29,3.0070000000000001
radix2_aos,256,30,3.0499999999999998
radix2_aos,256,31,2.9809999999999999
radix2_aos,256,32,2.9710000000000001
radix2_aos,256,33,2.9590000000000001
radix2_aos,256,34,2.9529999999999998
radix2_aos,256,35,2.9790000000000001
radix2_aos,256,36,2.9860000000000002
radix2_aos,256,37,2.9670000000000001
radix2_aos,256,38,3.0019999999999998
radix2_aos,256,39,2.964
radix2_aos,512,0,6.6920000000000002
radix2_aos,512,1,6.7919999999999998
radix2_aos,512,2,6.7199999999999998
radix2_aos,512,3,6.8150000000000004
radix2_aos,512,4,6.7839999999999998
radix2_aos,512,5,6.7009999999999996
radix2_aos,512,6,6.7809999999999997
radix2_aos,512,7,6.8380000000000001
radix2_aos,512,8,6.7400000000000002
radix2_aos,512,9,6.6799999999999997
radix2_aos,512,10,6.7469999999999999
radix2_aos,512,11,6.6989999999999998
radix2_aos,512,12,6.6689999999999996
radix2_aos,512,13,6.7050000000000001
radix2_aos,512,14,6.6859999999999999
radix2_aos,512,15,6.6900000000000004
radix2_aos,512,16,6.5780000000000003
radix2_aos,512,17,6.6989999999999998
radix2_aos,512,18,6.6719999999999997
radix2_aos,512,19,6.7210000000000001
radix2_aos,512,20,6.6020000000000003
radix2_aos,512,21,6.5839999999999996
radix2_aos,512,22,6.6230000000000002
radix2_aos,512,23,6.5410000000000004
radix2_aos,512,24,6.5780000000000003
radix2_aos,512,25,6.577
radix2_aos,512,26,6.6660000000000004
radix2_aos,512,27,6.6189999999999998
radix2_aos,512,28,6.6689999999999996
radix2_aos,512,29,6.5810000000000004
radix2_aos,512,30,6.6230000000000002
radix2_aos,512,31,6.569
radix2_aos,512,32,6.6150000000000002
radix2_aos,512,33,6.6230000000000002
radix2_aos,512,34,6.5970000000000004
radix2_aos,512,35,6.6120000000000001
radix2_aos,512,36,6.7069999999999999
radix2_aos,512,37,6.6470000000000002
radix2_aos,512,38,6.6390000000000002
radix2_aos,512,39,6.6980000000000004
radix2_aos,1024,0,14.667999999999999
radix2_aos,1024,1,14.901999999999999
radix2_aos,1024,2,14.534000000000001
radix2_aos,1024,3,14.504
radix2_aos,1024,4,14.460000000000001
radix2_aos,1024,5,14.640000000000001
radix2_aos,1024,6,14.842000000000001
radix2_aos,1024,7,14.662000000000001
radix2_aos,1024,8,14.773999999999999
radix2_aos,1024,9,14.630000000000001
radix2_aos,1024,10,14.586
radix2_aos,1024,11,14.525
radix2_aos,1024,12,14.568
radix2_aos,1024,13,14.757
radix2_aos,1024,14,14.833
radix2_aos,1024,15,14.738
radix2_aos,1024,16,14.653
radix2_aos,1024,17,14.707000000000001
radix2_aos,1024,18,14.733000000000001
radix2_aos,1024,19,14.693
radix2_aos,1024,20,14.621
radix2_aos,1024,21,14.581
radix2_aos,1024,22,14.898
radix2_aos,1024,23,14.531000000000001
radix2_aos,1024,24,14.646000000000001
radix2_aos,1024,25,14.726000000000001
radix2_aos,1024,26,14.913
radix2_aos,1024,27,14.704000000000001
radix2_aos,1024,28,14.634
radix2_aos,1024,29,14.6
radix2_aos,1024,30,14.561
radix2_aos,1024,31,14.666
radix2_aos,1024,32,14.702999999999999
radix2_aos,1024,33,14.686999999999999
radix2_aos,1024,34,14.609
radix2_aos,1024,35,14.653
radix2_aos,1024,36,14.646000000000001
radix2_aos,1024,37,14.631
radix2_aos,1024,38,14.619
radix2_aos,1024,39,14.744999999999999
radix2_aos,2048,0,32.231000000000002
radix2_aos,2048,1,32.307000000000002
radix2_aos,2048,2,31.844999999999999
radix2_aos,2048,3,32.433
radix2_aos,2048,4,33.015000000000001
radix2_aos,2048,5,36.898000000000003
radix2_aos,2048,6,32.514000000000003
radix2_aos,2048,7,32.363999999999997
radix2_aos,2048,8,32.329000000000001
radix2_aos,2048,9,32.694000000000003
radix2_aos,2048,10,35.590000000000003
radix2_aos,2048,11,32.979999999999997
radix2_aos,2048,12,32.712000000000003
radix2_aos,2048,13,32.343000000000004
radix2_aos,2048,14,32.137
radix2_aos,2048,15,32.448999999999998
radix2_aos,2048,16,32.731000000000002
radix2_aos,2048,17,31.866
radix2_aos,2048,18,50.718000000000004
radix2_aos,2048,19,34.991999999999997
radix2_aos,2048,20,38.195
radix2_aos,2048,21,42.689999999999998
radix2_aos,2048,22,42.783999999999999
radix2_aos,2048,23,43.228000000000002
radix2_aos,2048,24,42.521000000000001
radix2_aos,2048,25,42.341000000000001
radix2_aos,2048,26,41.334000000000003
radix2_aos,2048,27,36.192
radix2_aos,2048,28,40.146000000000001
radix2_aos,2048,29,33.591999999999999
radix2_aos,2048,30,34.177
radix2_aos,2048,31,33.875999999999998
radix2_aos,2048,32,33.994
radix2_aos,2048,33,34.194000000000003
radix2_aos,2048,34,33.665999999999997
radix2_aos,2048,35,33.575000000000003
radix2_aos,2048,36,33.677999999999997
radix2_aos,2048,37,33.496000000000002
radix2_aos,2048,38,34.017000000000003
radix2_aos,2048,39,33.154000000000003
radix2_aos,4096,0,71.786000000000001
radix2_aos,4096,1,72.715999999999994
radix2_aos,4096,2,111.146
radix2_aos,4096,3,78.573999999999998
radix2_aos,4096,4,71.034999999999997
radix2_aos,4096,5,69.188000000000002
radix2_aos,4096,6,79.704999999999998
radix2_aos,4096,7,71.677000000000007
radix2_aos,4096,8,70.394999999999996
radix2_aos,4096,9,71.641000000000005
radix2_aos,4096,10,71.468000000000004
radix2_aos,4096,11,74.171000000000006
radix2_aos,4096,12,71.930000000000007
radix2_aos,4096,13,92.171000000000006
radix2_aos,4096,14,71.664000000000001
radix2_aos,4096,15,71.040999999999997
radix2_aos,4096,16,70.887
radix2_aos,4096,17,72.007999999999996
radix2_aos,4096,18,70.858000000000004
radix2_aos,4096,19,69.058999999999997
radix2_aos,4096,20,69.894000000000005
radix2_aos,4096,21,77.444000000000003
radix2_aos,4096,22,72.593999999999994
radix2_aos,4096,23,82.591999999999999
radix2_aos,4096,24,72.680000000000007
radix2_aos,4096,25,72.308999999999997
radix2_aos,4096,26,72.382000000000005
radix2_aos,4096,27,72.325999999999993
radix2_aos,4096,28,73.599999999999994
radix2_aos,4096,29,73.414000000000001
radix2_aos,4096,30,73.757000000000005
radix2_aos,4096,31,78.825000000000003
radix2_aos,4096,32,73.650999999999996
radix2_aos,4096,33,72.043000000000006
radix2_aos,4096,34,72.474000000000004
radix2_aos,4096,35,73.459000000000003
radix2_aos,4096,36,72.367000000000004
radix2_aos,4096,37,72.433000000000007
radix2_aos,4096,38,73.593000000000004
radix2_aos,4096,39,73.870999999999995
radix2_soa,64,0,0.47999999999999998
radix2_soa,64,1,0.46700000000000003
radix2_soa,64,2,0.45800000000000002
radix2_soa,64,3,0.44600000000000001
radix2_soa,64,4,0.441
radix2_soa,64,5,0.442
radix2_soa,64,6,0.46400000000000002
radix2_soa,64,7,0.44500000000000001
radix2_soa,64,8,0.46700000000000003
radix2_soa,64,9,0.44600000000000001
radix2_soa,64,10,0.44600000000000001
radix2_soa,64,11,0.45000000000000001
radix2_soa,64,12,0.44600000000000001
radix2_soa,64,13,0.45000000000000001
radix2_soa,64,14,0.45800000000000002
radix2_soa,64,15,0.44600000000000001
radix2_soa,64,16,0.44400000000000001
radix2_soa,64,17,0.44600000000000001
radix2_soa,64,18,0.45000000000000001
radix2_soa,64,19,0.45800000000000002
radix2_soa,64,20,0.439
radix2_soa,64,21,0.44500000000000001
radix2_soa,64,22,0.44800000000000001
radix2_soa,64,23,0.44500000000000001
radix2_soa,64,24,0.45500000000000002
radix2_soa,64,25,0.45700000000000002
radix2_soa,64,26,0.44500000000000001
radix2_soa,64,27,0.45600000000000002
radix2_soa,64,28,0.45000000000000001
radix2_soa,64,29,0.46100000000000002
radix2_soa,64,30,0.441
radix2_soa,64,31,0.437
radix2_soa,64,32,0.44900000000000001
radix2_soa,64,33,0.44600000000000001
radix2_soa,64,34,0.45700000000000002
radix2_soa,64,35,0.44500000000000001
radix2_soa,64,36,0.44400000000000001
radix2_soa,64,37,0.44400000000000001
radix2_soa,64,38,0.443
radix2_soa,64,39,0.44600000000000001
radix2_soa,128,0,0.84199999999999997
radix2_soa,128,1,0.83199999999999996
radix2_soa,128,2,0.84399999999999997
radix2_soa,128,3,0.84499999999999997
radix2_soa,128,4,0.84099999999999997
radix2_soa,128,5,0.83899999999999997
radix2_soa,128,6,0.85099999999999998
radix2_soa,128,7,0.83399999999999996
radix2_soa,128,8,0.84599999999999997
radix2_soa,128,9,0.84299999999999997
radix2_soa,128,10,0.84099999999999997
radix2_soa,128,11,0.83199999999999996
radix2_soa,128,12,0.86099999999999999
radix2_soa,128,13,0.85099999999999998
radix2_soa,128,14,0.83899999999999997
radix2_soa,128,15,0.83899999999999997
radix2_soa,128,16,0.83599999999999997
radix2_soa,128,17,0.83799999999999997
radix2_soa,128,18,0.85299999999999998
radix2_soa,128,19,0.83499999999999996
radix2_soa,128,20,0.85299999999999998
radix2_soa,128,21,0.83799999999999997
radix2_soa,128,22,0.84499999999999997
radix2_soa,128,23,0.86099999999999999
radix2_soa,128,24,0.84799999999999998
radix2_soa,128,25,0.85799999999999998
radix2_soa,128,26,0.85899999999999999
radix2_soa,128,27,0.84899999999999998
radix2_soa,128,28,0.84799999999999998
radix2_soa,128,29,0.85899999999999999
radix2_soa,128,30,0.84899999999999998
radix2_soa,128,31,0.85299999999999998
radix2_soa,128,32,0.872
radix2_soa,128,33,0.84199999999999997
radix2_soa,128,34,0.84499999999999997
radix2_soa,128,35,0.85899999999999999
radix2_soa,128,36,0.84899999999999998
radix2_soa,128,37,0.84899999999999998
radix2_soa,128,38,0.85199999999999998
radix2_soa,128,39,0.86199999999999999
radix2_soa,256,0,1.7
radix2_soa,256,1,1.694
radix2_soa,256,2,1.752
radix2_soa,256,3,1.702
radix2_soa,256,4,1.6890000000000001
radix2_soa,256,5,1.708
radix2_soa,256,6,1.7010000000000001
radix2_soa,256,7,1.698
radix2_soa,256,8,1.706
radix2_soa,256,9,1.6990000000000001
radix2_soa,256,10,1.698
radix2_soa,256,11,1.6879999999999999
radix2_soa,256,12,1.702
radix2_soa,256,13,1.706
radix2_soa,256,14,1.7
radix2_soa,256,15,1.696
radix2_soa,256,16,1.6910000000000001
radix2_soa,256,17,1.6910000000000001
radix2_soa,256,18,1.6890000000000001
radix2_soa,256,19,1.6839999999999999
radix2_soa,256,20,1.6950000000000001
radix2_soa,256,21,1.7230000000000001
radix2_soa,256,22,1.6879999999999999
radix2_soa,256,23,1.6899999999999999
radix2_soa,256,24,1.6950000000000001
radix2_soa,256,25,1.6950000000000001
radix2_soa,256,26,1.6910000000000001
radix2_soa,256,27,1.696
radix2_soa,256,28,1.71
radix2_soa,256,29,1.681
radix2_soa,256,30,1.7350000000000001
radix2_soa,256,31,1.6970000000000001
radix2_soa,256,32,1.6879999999999999
radix2_soa,256,33,1.6830000000000001
radix2_soa,256,34,1.6970000000000001
radix2_soa,256,35,1.706
radix2_soa,256,36,1.6819999999999999
radix2_soa,256,37,1.71
radix2_soa,256,38,1.6990000000000001
radix2_soa,256,39,1.7070000000000001
radix2_soa,512,0,3.3959999999999999
radix2_soa,512,1,3.4180000000000001
radix2_soa,512,2,3.3860000000000001
radix2_soa,512,3,3.3730000000000002
radix2_soa,512,4,3.359
radix2_soa,512,5,3.3450000000000002
radix2_soa,512,6,3.3809999999999998
radix2_soa,512,7,3.359
radix2_soa,512,8,3.3559999999999999
radix2_soa,512,9,3.3580000000000001
radix2_soa,512,10,3.3799999999999999
radix2_soa,512,11,3.3500000000000001
radix2_soa,512,12,3.3500000000000001
radix2_soa,512,13,3.367
radix2_soa,512,14,3.4220000000000002
radix2_soa,512,15,3.371
radix2_soa,512,16,3.387
radix2_soa,512,17,3.3700000000000001
radix2_soa,512,18,3.3679999999999999
radix2_soa,512,19,3.383
radix2_soa,512,20,3.3769999999999998
radix2_soa,512,21,3.3809999999999998
radix2_soa,512,22,3.3599999999999999
radix2_soa,512,23,3.3679999999999999
radix2_soa,512,24,3.3719999999999999
radix2_soa,512,25,3.375
radix2_soa,512,26,3.3559999999999999
radix2_soa,512,27,3.3700000000000001
radix2_soa,512,28,3.3919999999999999
radix2_soa,512,29,3.3660000000000001
radix2_soa,512,30,3.351
radix2_soa,512,31,3.3660000000000001
radix2_soa,512,32,3.3610000000000002
radix2_soa,512,33,3.359
radix2_soa,512,34,3.3769999999999998
radix2_soa,512,35,3.3530000000000002
radix2_soa,512,36,3.3839999999999999
radix2_soa,512,37,3.3730000000000002
radix2_soa,512,38,3.3860000000000001
radix2_soa,512,39,3.3919999999999999
radix2_soa,1024,0,6.8490000000000002
radix2_soa,1024,1,6.8609999999999998
radix2_soa,1024,2,6.8680000000000003
radix2_soa,1024,3,6.8339999999999996
radix2_soa,1024,4,6.8600000000000003
radix2_soa,1024,5,6.8360000000000003
radix2_soa,1024,6,6.8070000000000004
radix2_soa,1024,7,6.8499999999999996
radix2_soa,1024,8,6.8289999999999997
radix2_soa,1024,9,6.8170000000000002
radix2_soa,1024,10,6.8360000000000003
radix2_soa,1024,11,6.8289999999999997
radix2_soa,1024,12,7.9489999999999998
radix2_soa,1024,13,6.633
radix2_soa,1024,14,6.6890000000000001
radix2_soa,1024,15,6.665
radix2_soa,1024,16,6.6479999999999997
radix2_soa,1024,17,6.6580000000000004
radix2_soa,1024,18,6.6429999999999998
radix2_soa,1024,19,6.6920000000000002
radix2_soa,1024,20,6.7350000000000003
radix2_soa,1024,21,6.75
radix2_soa,1024,22,6.6689999999999996
radix2_soa,1024,23,6.6520000000000001
radix2_soa,1024,24,6.6849999999999996
radix2_soa,1024,25,6.6660000000000004
radix2_soa,1024,26,6.6500000000000004
radix2_soa,1024,27,6.6219999999999999
radix2_soa,1024,28,6.6859999999999999
radix2_soa,1024,29,6.6799999999999997
radix2_soa,1024,30,6.6689999999999996
radix2_soa,1024,31,6.8730000000000002
radix2_soa,1024,32,7.9859999999999998
radix2_soa,1024,33,6.5579999999999998
radix2_soa,1024,34,6.532
radix2_soa,1024,35,6.5309999999999997
radix2_soa,1024,36,6.6760000000000002
radix2_soa,1024,37,6.5010000000000003
radix2_soa,1024,38,6.4749999999999996
radix2_soa,1024,39,6.5220000000000002
radix2_soa,2048,0,13.297000000000001
radix2_soa,2048,1,13.446999999999999
radix2_soa,2048,2,13.532999999999999
radix2_soa,2048,3,13.378
radix2_soa,2048,4,13.238
radix2_soa,2048,5,13.25
radix2_soa,2048,6,13.407999999999999
radix2_soa,2048,7,13.311999999999999
radix2_soa,2048,8,13.340999999999999
radix2_soa,2048,9,13.406000000000001
radix2_soa,2048,10,13.365
radix2_soa,2048,11,13.372
radix2_soa,2048,12,13.263999999999999
radix2_soa,2048,13,13.544
radix2_soa,2048,14,13.347
radix2_soa,2048,15,44.887999999999998
radix2_soa,2048,16,13.441000000000001
radix2_soa,2048,17,13.961
radix2_soa,2048,18,13.987
radix2_soa,2048,19,13.743
radix2_soa,2048,20,16.949999999999999
radix2_soa,2048,21,17.260000000000002
radix2_soa,2048,22,13.599
radix2_soa,2048,23,13.397
radix2_soa,2048,24,13.349
radix2_soa,2048,25,13.483000000000001
radix2_soa,2048,26,13.49
radix2_soa,2048,27,20.413
radix2_soa,2048,28,13.611000000000001
radix2_soa,2048,29,13.433999999999999
radix2_soa,2048,30,13.331
radix2_soa,2048,31,13.35
radix2_soa,2048,32,13.323
radix2_soa,2048,33,13.359
radix2_soa,2048,34,13.339
radix2_soa,2048,35,13.404999999999999
radix2_soa,2048,36,13.398999999999999
radix2_soa,2048,37,13.337999999999999
radix2_soa,2048,38,13.308999999999999
radix2_soa,2048,39,13.35
radix2_soa,4096,0,34.167000000000002
radix2_soa,4096,1,37.526000000000003
radix2_soa,4096,2,35.564
radix2_soa,4096,3,34.063000000000002
radix2_soa,4096,4,34.125
radix2_soa,4096,5,34.128999999999998
radix2_soa,4096,6,41.840000000000003
radix2_soa,4096,7,34.645000000000003
radix2_soa,4096,8,34.231000000000002
radix2_soa,4096,9,34.499000000000002
radix2_soa,4096,10,33.965000000000003
radix2_soa,4096,11,34.325000000000003
radix2_soa,4096,12,34.601999999999997
radix2_soa,4096,13,34.435000000000002
radix2_soa,4096,14,34.377000000000002
radix2_soa,4096,15,34.140000000000001
radix2_soa,4096,16,33.884999999999998
radix2_soa,4096,17,34.432000000000002
radix2_soa,4096,18,34.179000000000002
radix2_soa,4096,19,34.491999999999997
radix2_soa,4096,20,34.420000000000002
radix2_soa,4096,21,34.494
radix2_soa,4096,22,34.353000000000002
radix2_soa,4096,23,34.372999999999998
radix2_soa,4096,24,34.566000000000003
radix2_soa,4096,25,34.012999999999998
radix2_soa,4096,26,33.957999999999998
radix2_soa,4096,27,34.369999999999997
radix2_soa,4096,28,34.061
radix2_soa,4096,29,34.042000000000002
radix2_soa,4096,30,34.081000000000003
radix2_soa,4096,31,34.110999999999997
radix2_soa,4096,32,34.527000000000001
radix2_soa,4096,33,34.378999999999998
radix2_soa,4096,34,34.262
radix2_soa,4096,35,33.768000000000001
radix2_soa,4096,36,34.307000000000002
radix2_soa,4096,37,34.014000000000003
radix2_soa,4096,38,33.899000000000001
radix2_soa,4096,39,41.594000000000001
mixed42_aos,64,0,0.42799999999999999
mixed42_aos,64,1,0.38300000000000001
mixed42_aos,64,2,0.379
mixed42_aos,64,3,0.378
mixed42_aos,64,4,0.378
mixed42_aos,64,5,0.374
mixed42_aos,64,6,0.376
mixed42_aos,64,7,0.373
mixed42_aos,64,8,0.378
mixed42_aos,64,9,0.379
mixed42_aos,64,10,0.38200000000000001
mixed42_aos,64,11,0.38100000000000001
mixed42_aos,64,12,0.378
mixed42_aos,64,13,0.378
mixed42_aos,64,14,0.377
mixed42_aos,64,15,0.376
mixed42_aos,64,16,0.38100000000000001
mixed42_aos,64,17,0.373
mixed42_aos,64,18,0.375
mixed42_aos,64,19,0.379
mixed42_aos,64,20,0.379
mixed42_aos,64,21,0.375
mixed42_aos,64,22,0.379
mixed42_aos,64,23,0.38400000000000001
mixed42_aos,64,24,0.377
mixed42_aos,64,25,0.379
mixed42_aos,64,26,0.377
mixed42_aos,64,27,0.377
mixed42_aos,64,28,0.38
mixed42_aos,64,29,0.37
mixed42_aos,64,30,0.379
mixed42_aos,64,31,0.379
mixed42_aos,64,32,0.38400000000000001
mixed42_aos,64,33,0.377
mixed42_aos,64,34,0.376
mixed42_aos,64,35,0.38
mixed42_aos,64,36,0.378
mixed42_aos,64,37,0.374
mixed42_aos,64,38,0.377
mixed42_aos,64,39,0.378
mixed42_aos,128,0,1.2470000000000001
mixed42_aos,128,1,1.214
mixed42_aos,128,2,1.2130000000000001
mixed42_aos,128,3,1.2030000000000001
mixed42_aos,128,4,1.2270000000000001
mixed42_aos,128,5,1.2030000000000001
mixed42_aos,128,6,1.2150000000000001
mixed42_aos,128,7,1.2090000000000001
mixed42_aos,128,8,1.2170000000000001
mixed42_aos,128,9,1.2170000000000001
mixed42_aos,128,10,1.214
mixed42_aos,128,11,1.2070000000000001
mixed42_aos,128,12,1.228
mixed42_aos,128,13,1.2090000000000001
mixed42_aos,128,14,1.2110000000000001
mixed42_aos,128,15,1.224
mixed42_aos,128,16,1.2110000000000001
mixed42_aos,128,17,1.212
mixed42_aos,128,18,1.2050000000000001
mixed42_aos,128,19,1.2130000000000001
mixed42_aos,128,20,1.202
mixed42_aos,128,21,1.202
mixed42_aos,128,22,1.2010000000000001
mixed42_aos,128,23,1.2090000000000001
mixed42_aos,128,24,1.224
mixed42_aos,128,25,1.212
mixed42_aos,128,26,1.2070000000000001
mixed42_aos,128,27,1.206
mixed42_aos,128,28,1.212
mixed42_aos,128,29,1.2090000000000001
mixed42_aos,128,30,1.2090000000000001
mixed42_aos,128,31,1.2130000000000001
mixed42_aos,128,32,1.2230000000000001
mixed42_aos,128,33,1.2110000000000001
mixed42_aos,128,34,1.2110000000000001
mixed42_aos,128,35,1.21
mixed42_aos,128,36,1.2090000000000001
mixed42_aos,128,37,1.2070000000000001
mixed42_aos,128,38,1.2110000000000001
mixed42_aos,128,39,1.2090000000000001
mixed42_aos,256,0,1.718
mixed42_aos,256,1,1.681
mixed42_aos,256,2,1.6799999999999999
mixed42_aos,256,3,1.673
mixed42_aos,256,4,1.6759999999999999
mixed42_aos,256,5,1.6990000000000001
mixed42_aos,256,6,1.718
mixed42_aos,256,7,1.6739999999999999
mixed42_aos,256,8,1.663
mixed42_aos,256,9,1.661
mixed42_aos,256,10,1.6719999999999999
mixed42_aos,256,11,1.6850000000000001
mixed42_aos,256,12,1.6890000000000001
mixed42_aos,256,13,1.6699999999999999
mixed42_aos,256,14,1.6659999999999999
mixed42_aos,256,15,1.665
mixed42_aos,256,16,1.659
mixed42_aos,256,17,1.671
mixed42_aos,256,18,1.681
mixed42_aos,256,19,1.6579999999999999
mixed42_aos,256,20,1.6579999999999999
mixed42_aos,256,21,1.6579999999999999
mixed42_aos,256,22,1.6639999999999999
mixed42_aos,256,23,1.655
mixed42_aos,256,24,1.665
mixed42_aos,256,25,1.696
mixed42_aos,256,26,1.6639999999999999
mixed42_aos,256,27,1.6699999999999999
mixed42_aos,256,28,1.6699999999999999
mixed42_aos,256,29,1.6879999999999999
mixed42_aos,256,30,1.6779999999999999
mixed42_aos,256,31,1.6579999999999999
mixed42_aos,256,32,1.661
mixed42_aos,256,33,1.6779999999999999
mixed42_aos,256,34,1.673
mixed42_aos,256,35,1.6619999999999999
mixed42_aos,256,36,1.6830000000000001
mixed42_aos,256,37,1.6699999999999999
mixed42_aos,256,38,1.679
mixed42_aos,256,39,1.671
mixed42_aos,512,0,5.3899999999999997
mixed42_aos,512,1,5.3739999999999997
mixed42_aos,512,2,5.3789999999999996
mixed42_aos,512,3,5.3959999999999999
mixed42_aos,512,4,5.3739999999999997
mixed42_aos,512,5,5.3719999999999999
mixed42_aos,512,6,5.367
mixed42_aos,512,7,5.3650000000000002
mixed42_aos,512,8,5.3529999999999998
mixed42_aos,512,9,5.3860000000000001
mixed42_aos,512,10,5.3780000000000001
mixed42_aos,512,11,5.3659999999999997
mixed42_aos,512,12,5.3630000000000004
mixed42_aos,512,13,5.3810000000000002
mixed42_aos,512,14,5.3579999999999997
mixed42_aos,512,15,5.3849999999999998
mixed42_aos,512,16,5.3479999999999999
mixed42_aos,512,17,5.3639999999999999
mixed42_aos,512,18,5.3789999999999996
mixed42_aos,512,19,5.3769999999999998
mixed42_aos,512,20,5.3860000000000001
mixed42_aos,512,21,5.3700000000000001
mixed42_aos,512,22,5.3650000000000002
mixed42_aos,512,23,5.3860000000000001
mixed42_aos,512,24,5.3769999999999998
mixed42_aos,512,25,5.3819999999999997
mixed42_aos,512,26,5.3970000000000002
mixed42_aos,512,27,5.3700000000000001
mixed42_aos,512,28,5.4029999999999996
mixed42_aos,512,29,5.391
mixed42_aos,512,30,5.3879999999999999
mixed42_aos,512,31,5.3550000000000004
mixed42_aos,512,32,5.3639999999999999
mixed42_aos,512,33,5.3970000000000002
mixed42_aos,512,34,5.3700000000000001
mixed42_aos,512,35,5.3810000000000002
mixed42_aos,512,36,5.3639999999999999
mixed42_aos,512,37,5.3609999999999998
mixed42_aos,512,38,5.3879999999999999
mixed42_aos,512,39,5.3789999999999996
mixed42_aos,1024,0,7.8860000000000001
mixed42_aos,1024,1,7.835
mixed42_aos,1024,2,7.7880000000000003
mixed42_aos,1024,3,7.8940000000000001
mixed42_aos,1024,4,7.8289999999999997
mixed42_aos,1024,5,7.7709999999999999
mixed42_aos,1024,6,7.782
mixed42_aos,1024,7,7.9509999999999996
mixed42_aos,1024,8,7.8739999999999997
mixed42_aos,1024,9,7.8479999999999999
mixed42_aos,1024,10,7.9020000000000001
mixed42_aos,1024,11,7.9000000000000004
mixed42_aos,1024,12,7.8360000000000003
mixed42_aos,1024,13,7.8630000000000004
mixed42_aos,1024,14,7.7869999999999999
mixed42_aos,1024,15,7.7720000000000002
mixed42_aos,1024,16,7.8449999999999998
mixed42_aos,1024,17,7.7910000000000004
mixed42_aos,1024,18,7.7599999999999998
mixed42_aos,1024,19,7.819
mixed42_aos,1024,20,8.2029999999999994
mixed42_aos,1024,21,8.2330000000000005
mixed42_aos,1024,22,8.2230000000000008
mixed42_aos,1024,23,8.2119999999999997
mixed42_aos,1024,24,8.2319999999999993
mixed42_aos,1024,25,8.1140000000000008
mixed42_aos,1024,26,8.1389999999999993
mixed42_aos,1024,27,8.2260000000000009
mixed42_aos,1024,28,8.2159999999999993
mixed42_aos,1024,29,8.0999999999999996
mixed42_aos,1024,30,8.1199999999999992
mixed42_aos,1024,31,8.2279999999999998
mixed42_aos,1024,32,8.0960000000000001
mixed42_aos,1024,33,8.1219999999999999
mixed42_aos,1024,34,8.2159999999999993
mixed42_aos,1024,35,8.2070000000000007
mixed42_aos,1024,36,8.1460000000000008
mixed42_aos,1024,37,8.125
mixed42_aos,1024,38,8.1189999999999998
mixed42_aos,1024,39,8.1170000000000009
mixed42_aos,2048,0,25.042999999999999
mixed42_aos,2048,1,25.146000000000001
mixed42_aos,2048,2,25.143000000000001
mixed42_aos,2048,3,25.210999999999999
mixed42_aos,2048,4,25.198
mixed42_aos,2048,5,33.612000000000002
mixed42_aos,2048,6,25.097999999999999
mixed42_aos,2048,7,25.132000000000001
mixed42_aos,2048,8,25.141999999999999
mixed42_aos,2048,9,26.437999999999999
mixed42_aos,2048,10,24.600000000000001
mixed42_aos,2048,11,24.553000000000001
mixed42_aos,2048,12,24.533000000000001
mixed42_aos,2048,13,24.538
mixed42_aos,2048,14,24.556000000000001
mixed42_aos,2048,15,24.481000000000002
mixed42_aos,2048,16,24.588999999999999
mixed42_aos,2048,17,24.466999999999999
mixed42_aos,2048,18,24.459
mixed42_aos,2048,19,24.501000000000001
mixed42_aos,2048,20,24.513999999999999
mixed42_aos,2048,21,24.462
mixed42_aos,2048,22,29.768999999999998
mixed42_aos,2048,23,24.603000000000002
mixed42_aos,2048,24,24.623000000000001
mixed42_aos,2048,25,24.548999999999999
mixed42_aos,2048,26,24.559999999999999
mixed42_aos,2048,27,24.763999999999999
mixed42_aos,2048,28,24.577999999999999
mixed42_aos,2048,29,53.320999999999998
mixed42_aos,2048,30,24.48
mixed42_aos,2048,31,46.587000000000003
mixed42_aos,2048,32,24.713000000000001
mixed42_aos,2048,33,24.536999999999999
mixed42_aos,2048,34,24.518999999999998
mixed42_aos,2048,35,24.469999999999999
mixed42_aos,2048,36,24.443000000000001
mixed42_aos,2048,37,24.545999999999999
mixed42_aos,2048,38,24.527999999999999
mixed42_aos,2048,39,24.518000000000001
mixed42_aos,4096,0,39.276000000000003
mixed42_aos,4096,1,39.389000000000003
mixed42_aos,4096,2,38.993000000000002
mixed42_aos,4096,3,42.527999999999999
mixed42_aos,4096,4,39.261000000000003
mixed42_aos,4096,5,39.159999999999997
mixed42_aos,4096,6,39.542000000000002
mixed42_aos,4096,7,95.076999999999998
mixed42_aos,4096,8,39.308999999999997
mixed42_aos,4096,9,39.472999999999999
mixed42_aos,4096,10,39.451999999999998
mixed42_aos,4096,11,39.357999999999997
mixed42_aos,4096,12,39.390000000000001
mixed42_aos,4096,13,39.356999999999999
mixed42_aos,4096,14,39.716000000000001
mixed42_aos,4096,15,40.049999999999997
mixed42_aos,4096,16,40.286999999999999
mixed42_aos,4096,17,40.222000000000001
mixed42_aos,4096,18,40.271999999999998
mixed42_aos,4096,19,40.198999999999998
mixed42_aos,4096,20,40.192
mixed42_aos,4096,21,40.308999999999997
mixed42_aos,4096,22,40.241999999999997
mixed42_aos,4096,23,40.097000000000001
mixed42_aos,4096,24,40.347999999999999
mixed42_aos,4096,25,40.238999999999997
mixed42_aos,4096,26,48.448
mixed42_aos,4096,27,40.465000000000003
mixed42_aos,4096,28,40.630000000000003
mixed42_aos,4096,29,41.036000000000001
mixed42_aos,4096,30,41.366
mixed42_aos,4096,31,41.436999999999998
mixed42_aos,4096,32,41.186999999999998
mixed42_aos,4096,33,41.576000000000001
mixed42_aos,4096,34,41.281999999999996
mixed42_aos,4096,35,41.979999999999997
mixed42_aos,4096,36,40.295999999999999
mixed42_aos,4096,37,40.268999999999998
mixed42_aos,4096,38,40.308999999999997
mixed42_aos,4096,39,40.223999999999997
mixed42_soa,64,0,0.51700000000000002
mixed42_soa,64,1,0.46200000000000002
mixed42_soa,64,2,0.45000000000000001
mixed42_soa,64,3,0.44400000000000001
mixed42_soa,64,4,0.439
mixed42_soa,64,5,0.46999999999999997
mixed42_soa,64,6,0.45300000000000001
mixed42_soa,64,7,0.44
mixed42_soa,64,8,0.46100000000000002
mixed42_soa,64,9,0.439
mixed42_soa,64,10,0.45700000000000002
mixed42_soa,64,11,0.44800000000000001
mixed42_soa,64,12,0.438
mixed42_soa,64,13,0.45400000000000001
mixed42_soa,64,14,0.442
mixed42_soa,64,15,0.44700000000000001
mixed42_soa,64,16,0.432
mixed42_soa,64,17,0.436
mixed42_soa,64,18,0.438
mixed42_soa,64,19,0.44700000000000001
mixed42_soa,64,20,26.024000000000001
mixed42_soa,64,21,0.54400000000000004
mixed42_soa,64,22,0.47599999999999998
mixed42_soa,64,23,0.44700000000000001
mixed42_soa,64,24,0.44600000000000001
mixed42_soa,64,25,0.47599999999999998
mixed42_soa,64,26,0.46899999999999997
mixed42_soa,64,27,0.45400000000000001
mixed42_soa,64,28,0.442
mixed42_soa,64,29,0.47299999999999998
mixed42_soa,64,30,0.44800000000000001
mixed42_soa,64,31,0.44800000000000001
mixed42_soa,64,32,0.45100000000000001
mixed42_soa,64,33,0.44
mixed42_soa,64,34,0.45300000000000001
mixed42_soa,64,35,0.436
mixed42_soa,64,36,0.46700000000000003
mixed42_soa,64,37,0.44500000000000001
mixed42_soa,64,38,0.44500000000000001
mixed42_soa,64,39,0.46899999999999997
mixed42_soa,128,0,0.749
mixed42_soa,128,1,0.68600000000000005
mixed42_soa,128,2,0.68400000000000005
mixed42_soa,128,3,0.68300000000000005
mixed42_soa,128,4,0.68200000000000005
mixed42_soa,128,5,0.68600000000000005
mixed42_soa,128,6,0.68200000000000005
mixed42_soa,128,7,0.68999999999999995
mixed42_soa,128,8,0.68000000000000005
mixed42_soa,128,9,0.69699999999999995
mixed42_soa,128,10,0.68500000000000005
mixed42_soa,128,11,0.67300000000000004
mixed42_soa,128,12,0.68100000000000005
mixed42_soa,128,13,0.68799999999999994
mixed42_soa,128,14,0.68799999999999994
mixed42_soa,128,15,0.68600000000000005
mixed42_soa,128,16,0.68000000000000005
mixed42_soa,128,17,0.67400000000000004
mixed42_soa,128,18,0.67500000000000004
mixed42_soa,128,19,0.67600000000000005
mixed42_soa,128,20,0.68999999999999995
mixed42_soa,128,21,0.67800000000000005
mixed42_soa,128,22,0.70099999999999996
mixed42_soa,128,23,0.69399999999999995
mixed42_soa,128,24,0.65800000000000003
mixed42_soa,128,25,0.67500000000000004
mixed42_soa,128,26,0.67200000000000004
mixed42_soa,128,27,0.66200000000000003
mixed42_soa,128,28,0.66300000000000003
mixed42_soa,128,29,0.66900000000000004
mixed42_soa,128,30,0.70599999999999996
mixed42_soa,128,31,0.66400000000000003
mixed42_soa,128,32,0.67900000000000005
mixed42_soa,128,33,0.67800000000000005
mixed42_soa,128,34,0.68899999999999995
mixed42_soa,128,35,0.67700000000000005
mixed42_soa,128,36,0.68200000000000005
mixed42_soa,128,37,0.68300000000000005
mixed42_soa,128,38,0.68899999999999995
mixed42_soa,128,39,0.69499999999999995
mixed42_soa,256,0,1.4730000000000001
mixed42_soa,256,1,1.456
mixed42_soa,256,2,1.405
mixed42_soa,256,3,1.389
mixed42_soa,256,4,1.3220000000000001
mixed42_soa,256,5,1.377
mixed42_soa,256,6,1.383
mixed42_soa,256,7,1.4630000000000001
mixed42_soa,256,8,1.3999999999999999
mixed42_soa,256,9,1.407
mixed42_soa,256,10,1.3999999999999999
mixed42_soa,256,11,1.399
mixed42_soa,256,12,1.4119999999999999
mixed42_soa,256,13,1.4279999999999999
mixed42_soa,256,14,1.3759999999999999
mixed42_soa,256,15,1.3149999999999999
mixed42_soa,256,16,1.337
mixed42_soa,256,17,1.429
mixed42_soa,256,18,1.337
mixed42_soa,256,19,1.3560000000000001
mixed42_soa,256,20,1.347
mixed42_soa,256,21,1.4379999999999999
mixed42_soa,256,22,1.3759999999999999
mixed42_soa,256,23,1.3939999999999999
mixed42_soa,256,24,1.3340000000000001
mixed42_soa,256,25,1.389
mixed42_soa,256,26,2.1240000000000001
mixed42_soa,256,27,1.746
mixed42_soa,256,28,1.573
mixed42_soa,256,29,1.3939999999999999
mixed42_soa,256,30,1.4850000000000001
mixed42_soa,256,31,1.4690000000000001
mixed42_soa,256,32,1.4339999999999999
mixed42_soa,256,33,1.4299999999999999
mixed42_soa,256,34,1.423
mixed42_soa,256,35,1.3999999999999999
mixed42_soa,256,36,1.367
mixed42_soa,256,37,1.399
mixed42_soa,256,38,1.3839999999999999
mixed42_soa,256,39,1.3939999999999999
mixed42_soa,512,0,2.387
mixed42_soa,512,1,2.4140000000000001
mixed42_soa,512,2,2.3820000000000001
mixed42_soa,512,3,2.395
mixed42_soa,512,4,2.399
mixed42_soa,512,5,2.4020000000000001
mixed42_soa,512,6,2.4060000000000001
mixed42_soa,512,7,2.3559999999999999
mixed42_soa,512,8,2.423
mixed42_soa,512,9,2.371
mixed42_soa,512,10,2.4500000000000002
mixed42_soa,512,11,2.387
mixed42_soa,512,12,2.395
mixed42_soa,512,13,2.3780000000000001
mixed42_soa,512,14,2.3849999999999998
mixed42_soa,512,15,2.367
mixed42_soa,512,16,2.359
mixed42_soa,512,17,2.3580000000000001
mixed42_soa,512,18,2.3399999999999999
mixed42_soa,512,19,2.3730000000000002
mixed42_soa,512,20,2.452
mixed42_soa,512,21,2.371
mixed42_soa,512,22,2.379
mixed42_soa,512,23,2.3599999999999999
mixed42_soa,512,24,2.359
mixed42_soa,512,25,2.387
mixed42_soa,512,26,2.3879999999999999
mixed42_soa,512,27,2.415
mixed42_soa,512,28,2.3660000000000001
mixed42_soa,512,29,2.4060000000000001
mixed42_soa,512,30,2.3759999999999999
mixed42_soa,512,31,2.3679999999999999
mixed42_soa,512,32,2.3650000000000002
mixed42_soa,512,33,2.3730000000000002
mixed42_soa,512,34,2.4020000000000001
mixed42_soa,512,35,2.355
mixed42_soa,512,36,2.355
mixed42_soa,512,37,2.399
mixed42_soa,512,38,2.3620000000000001
mixed42_soa,512,39,2.375
mixed42_soa,1024,0,5.0439999999999996
mixed42_soa,1024,1,5.3129999999999997
mixed42_soa,1024,2,5.21
mixed42_soa,1024,3,5.3620000000000001
mixed42_soa,1024,4,5.2649999999999997
mixed42_soa,1024,5,4.9790000000000001
mixed42_soa,1024,6,5.2160000000000002
mixed42_soa,1024,7,5.0129999999999999
mixed42_soa,1024,8,5.1429999999999998
mixed42_soa,1024,9,4.9770000000000003
mixed42_soa,1024,10,5.2480000000000002
mixed42_soa,1024,11,5.2279999999999998
mixed42_soa,1024,12,5.101
mixed42_soa,1024,13,5.0270000000000001
mixed42_soa,1024,14,4.9969999999999999
mixed42_soa,1024,15,5.2000000000000002
mixed42_soa,1024,16,5.0570000000000004
mixed42_soa,1024,17,5.3949999999999996
mixed42_soa,1024,18,4.9880000000000004
mixed42_soa,1024,19,5.1029999999999998
mixed42_soa,1024,20,4.9770000000000003
mixed42_soa,1024,21,5.3650000000000002
mixed42_soa,1024,22,5.0579999999999998
mixed42_soa,1024,23,5.0030000000000001
mixed42_soa,1024,24,5.46
mixed42_soa,1024,25,5.0620000000000003
mixed42_soa,1024,26,4.9080000000000004
mixed42_soa,1024,27,5.3230000000000004
mixed42_soa,1024,28,5.1870000000000003
mixed42_soa,1024,29,5.2060000000000004
mixed42_soa,1024,30,4.9580000000000002
mixed42_soa,1024,31,5.1360000000000001
mixed42_soa,1024,32,5.1980000000000004
mixed42_soa,1024,33,4.9989999999999997
mixed42_soa,1024,34,5.1920000000000002
mixed42_soa,1024,35,5.4370000000000003
mixed42_soa,1024,36,4.9569999999999999
mixed42_soa,1024,37,5.048
mixed42_soa,1024,38,5.2469999999999999
mixed42_soa,1024,39,5.2999999999999998
mixed42_soa,2048,0,9.8789999999999996
mixed42_soa,2048,1,10.145
mixed42_soa,2048,2,9.8870000000000005
mixed42_soa,2048,3,10.035
mixed42_soa,2048,4,9.8350000000000009
mixed42_soa,2048,5,9.7479999999999993
mixed42_soa,2048,6,9.7560000000000002
mixed42_soa,2048,7,9.7509999999999994
mixed42_soa,2048,8,9.7270000000000003
mixed42_soa,2048,9,9.9529999999999994
mixed42_soa,2048,10,9.8970000000000002
mixed42_soa,2048,11,9.7490000000000006
mixed42_soa,2048,12,9.8279999999999994
mixed42_soa,2048,13,9.9819999999999993
mixed42_soa,2048,14,9.9220000000000006
mixed42_soa,2048,15,9.9049999999999994
mixed42_soa,2048,16,9.8829999999999991
mixed42_soa,2048,17,9.8000000000000007
mixed42_soa,2048,18,9.6829999999999998
mixed42_soa,2048,19,9.7420000000000009
mixed42_soa,2048,20,10.055
mixed42_soa,2048,21,9.7469999999999999
mixed42_soa,2048,22,9.9800000000000004
mixed42_soa,2048,23,9.7409999999999997
mixed42_soa,2048,24,9.8360000000000003
mixed42_soa,2048,25,9.7579999999999991
mixed42_soa,2048,26,9.8000000000000007
mixed42_soa,2048,27,9.9749999999999996
mixed42_soa,2048,28,9.6959999999999997
mixed42_soa,2048,29,9.7769999999999992
mixed42_soa,2048,30,9.6929999999999996
mixed42_soa,2048,31,9.8249999999999993
mixed42_soa,2048,32,9.7910000000000004
mixed42_soa,2048,33,9.7309999999999999
mixed42_soa,2048,34,9.7449999999999992
mixed42_soa,2048,35,9.6850000000000005
mixed42_soa,2048,36,9.7560000000000002
mixed42_soa,2048,37,9.8190000000000008
mixed42_soa,2048,38,9.7479999999999993
mixed42_soa,2048,39,9.7669999999999995
mixed42_soa,4096,0,22.962
mixed42_soa,4096,1,22.449999999999999
mixed42_soa,4096,2,22.399000000000001
mixed42_soa,4096,3,22.832999999999998
mixed42_soa,4096,4,23.408000000000001
mixed42_soa,4096,5,22.222000000000001
mixed42_soa,4096,6,22.722999999999999
mixed42_soa,4096,7,53.158999999999999
mixed42_soa,4096,8,23.594999999999999
mixed42_soa,4096,9,23.899000000000001
mixed42_soa,4096,10,27.443000000000001
mixed42_soa,4096,11,55.844000000000001
mixed42_soa,4096,12,63.481000000000002
mixed42_soa,4096,13,27.111999999999998
mixed42_soa,4096,14,25.173999999999999
mixed42_soa,4096,15,24.687999999999999
mixed42_soa,4096,16,25.949999999999999
mixed42_soa,4096,17,24.271999999999998
mixed42_soa,4096,18,24.422999999999998
mixed42_soa,4096,19,24.085999999999999
mixed42_soa,4096,20,24.477
mixed42_soa,4096,21,24.097000000000001
mixed42_soa,4096,22,24.399000000000001
mixed42_soa,4096,23,24.033000000000001
mixed42_soa,4096,24,25.474
mixed42_soa,4096,25,23.588999999999999
mixed42_soa,4096,26,23.504000000000001
mixed42_soa,4096,27,23.574000000000002
mixed42_soa,4096,28,43.523000000000003
mixed42_soa,4096,29,23.387
mixed42_soa,4096,30,22.870000000000001
mixed42_soa,4096,31,23.581
mixed42_soa,4096,32,26.997
mixed42_soa,4096,33,23.050000000000001
mixed42_soa,4096,34,22.827000000000002
mixed42_soa,4096,35,21.984000000000002
mixed42_soa,4096,36,22.166
mixed42_soa,4096,37,22.07
mixed42_soa,4096,38,45.758000000000003
mixed42_soa,4096,39,22.855
